{
    "$schema": "https://schema.management.azure.com/schemas/2015-01-01/deploymentParameters.json#",
    "contentVersion": "1.0.0.0",
    "parameters": {
        "dnszones_200042170_com_name": {
            "value": null
        },
        "privateDnsZones_contoso_org_name": {
            "value": null
        },
        "virtualMachines_az104_04_vm0_name": {
            "value": null
        },
        "virtualMachines_az104_04_vm1_name": {
            "value": null
        },
        "virtualNetworks_az104_04_vnet1_name": {
            "value": null
        },
        "networkInterfaces_az104_04_nic0_name": {
            "value": null
        },
        "networkInterfaces_az104_04_nic1_name": {
            "value": null
        },
        "publicIPAddresses_az104_04_pip0_name": {
            "value": null
        },
        "publicIPAddresses_az104_04_pip1_name": {
            "value": null
        },
        "networkSecurityGroups_az104_04_nsg01_name": {
            "value": null
        }
    }
}